<?xml version="1.0" encoding="UTF-8"?>
<root>
  <item name="com.salesforce.marketingcloud.MCLogListener void out(int, java.lang.String, java.lang.String, java.lang.Throwable) 0">
    <annotation name="android.support.annotation.IntDef">
      <val name="value" val="{com.salesforce.marketingcloud.MCLogListener.VERBOSE, com.salesforce.marketingcloud.MCLogListener.DEBUG, com.salesforce.marketingcloud.MCLogListener.INFO, com.salesforce.marketingcloud.MCLogListener.WARN, com.salesforce.marketingcloud.MCLogListener.ERROR}" />
    </annotation>
  </item>
  <item name="com.salesforce.marketingcloud.MCLogListener.AndroidLogListener void out(int, java.lang.String, java.lang.String, java.lang.Throwable) 0">
    <annotation name="android.support.annotation.IntDef">
      <val name="value" val="{com.salesforce.marketingcloud.MCLogListener.VERBOSE, com.salesforce.marketingcloud.MCLogListener.DEBUG, com.salesforce.marketingcloud.MCLogListener.INFO, com.salesforce.marketingcloud.MCLogListener.WARN, com.salesforce.marketingcloud.MCLogListener.ERROR}" />
    </annotation>
  </item>
  <item name="com.salesforce.marketingcloud.MCLogListener.LogLevel">
    <annotation name="android.support.annotation.IntDef">
      <val name="value" val="{com.salesforce.marketingcloud.MCLogListener.VERBOSE, com.salesforce.marketingcloud.MCLogListener.DEBUG, com.salesforce.marketingcloud.MCLogListener.INFO, com.salesforce.marketingcloud.MCLogListener.WARN, com.salesforce.marketingcloud.MCLogListener.ERROR}" />
    </annotation>
  </item>
  <item name="com.salesforce.marketingcloud.MCLogger int getLogLevel()">
    <annotation name="android.support.annotation.IntDef">
      <val name="value" val="{com.salesforce.marketingcloud.MCLogListener.VERBOSE, com.salesforce.marketingcloud.MCLogListener.DEBUG, com.salesforce.marketingcloud.MCLogListener.INFO, com.salesforce.marketingcloud.MCLogListener.WARN, com.salesforce.marketingcloud.MCLogListener.ERROR}" />
    </annotation>
  </item>
  <item name="com.salesforce.marketingcloud.MCLogger logLevel">
    <annotation name="android.support.annotation.IntDef">
      <val name="value" val="{com.salesforce.marketingcloud.MCLogListener.VERBOSE, com.salesforce.marketingcloud.MCLogListener.DEBUG, com.salesforce.marketingcloud.MCLogListener.INFO, com.salesforce.marketingcloud.MCLogListener.WARN, com.salesforce.marketingcloud.MCLogListener.ERROR}" />
    </annotation>
  </item>
  <item name="com.salesforce.marketingcloud.MCLogger void log(int, java.lang.String, java.lang.Throwable, java.lang.String, java.lang.Object...) 0">
    <annotation name="android.support.annotation.IntDef">
      <val name="value" val="{com.salesforce.marketingcloud.MCLogListener.VERBOSE, com.salesforce.marketingcloud.MCLogListener.DEBUG, com.salesforce.marketingcloud.MCLogListener.INFO, com.salesforce.marketingcloud.MCLogListener.WARN, com.salesforce.marketingcloud.MCLogListener.ERROR}" />
    </annotation>
  </item>
  <item name="com.salesforce.marketingcloud.MCLogger void setLogLevel(int) 0">
    <annotation name="android.support.annotation.IntDef">
      <val name="value" val="{com.salesforce.marketingcloud.MCLogListener.VERBOSE, com.salesforce.marketingcloud.MCLogListener.DEBUG, com.salesforce.marketingcloud.MCLogListener.INFO, com.salesforce.marketingcloud.MCLogListener.WARN, com.salesforce.marketingcloud.MCLogListener.ERROR}" />
    </annotation>
  </item>
  <item name="com.salesforce.marketingcloud.MarketingCloudSdk int getLogLevel()">
    <annotation name="android.support.annotation.IntDef">
      <val name="value" val="{com.salesforce.marketingcloud.MCLogListener.VERBOSE, com.salesforce.marketingcloud.MCLogListener.DEBUG, com.salesforce.marketingcloud.MCLogListener.INFO, com.salesforce.marketingcloud.MCLogListener.WARN, com.salesforce.marketingcloud.MCLogListener.ERROR}" />
    </annotation>
  </item>
  <item name="com.salesforce.marketingcloud.MarketingCloudSdk void setLogLevel(int) 0">
    <annotation name="android.support.annotation.IntDef">
      <val name="value" val="{com.salesforce.marketingcloud.MCLogListener.VERBOSE, com.salesforce.marketingcloud.MCLogListener.DEBUG, com.salesforce.marketingcloud.MCLogListener.INFO, com.salesforce.marketingcloud.MCLogListener.WARN, com.salesforce.marketingcloud.MCLogListener.ERROR}" />
    </annotation>
  </item>
</root>

