<?xml version="1.0" encoding="UTF-8"?>
<root>
  <item name="com.salesforce.marketingcloud.storage.AnalyticItemStorage boolean hasTimeInAppAnalyticItem(int) 0">
    <annotation name="android.support.annotation.IntDef">
      <val name="value" val="{com.salesforce.marketingcloud.analytics.AnalyticItem.ET_ANALYTICS, com.salesforce.marketingcloud.analytics.AnalyticItem.PIWAMA}" />
    </annotation>
  </item>
  <item name="com.salesforce.marketingcloud.storage.CloudPageMessageStorage java.lang.String[] getUnreadUndeletedMessageIds(int) 0">
    <annotation name="android.support.annotation.IntDef">
      <val name="value" val="{com.salesforce.marketingcloud.messages.cloudpage.CloudPageMessage.MESSAGE_TYPE_LEGACY_CLOUDPAGE, com.salesforce.marketingcloud.messages.cloudpage.CloudPageMessage.MESSAGE_TYPE_INBOX_MESSAGE}" />
    </annotation>
  </item>
  <item name="com.salesforce.marketingcloud.storage.CustomerPreferences java.lang.String getString(java.lang.String, java.lang.String) 0">
    <annotation name="android.support.annotation.StringDef">
      <val name="value" val="{com.salesforce.marketingcloud.storage.CustomerPreferences.KEY_REGISTRATION_ATTRIBUTES, com.salesforce.marketingcloud.storage.CustomerPreferences.KEY_REGISTRATION_TAGS, com.salesforce.marketingcloud.storage.CustomerPreferences.KEY_REGISTRATION_CONTACT_KEY, com.salesforce.marketingcloud.storage.CustomerPreferences.KEY_REGISTRATION_SYSTEM_TOKEN, com.salesforce.marketingcloud.storage.CustomerPreferences.KEY_PIWAMA_ET_SESSION_ID_CACHE, com.salesforce.marketingcloud.storage.CustomerPreferences.KEY_PIWAMA_ET_USER_ID_CACHE, com.salesforce.marketingcloud.storage.CustomerPreferences.KEY_LAST_SUCCESSFUL_REGISTRATION_SENT_LOGGING_ONLY, com.salesforce.marketingcloud.storage.CustomerPreferences.KEY_GCM_SENDER_ID}" />
    </annotation>
  </item>
  <item name="com.salesforce.marketingcloud.storage.CustomerPreferences void putString(java.lang.String, java.lang.String) 0">
    <annotation name="android.support.annotation.StringDef">
      <val name="value" val="{com.salesforce.marketingcloud.storage.CustomerPreferences.KEY_REGISTRATION_ATTRIBUTES, com.salesforce.marketingcloud.storage.CustomerPreferences.KEY_REGISTRATION_TAGS, com.salesforce.marketingcloud.storage.CustomerPreferences.KEY_REGISTRATION_CONTACT_KEY, com.salesforce.marketingcloud.storage.CustomerPreferences.KEY_REGISTRATION_SYSTEM_TOKEN, com.salesforce.marketingcloud.storage.CustomerPreferences.KEY_PIWAMA_ET_SESSION_ID_CACHE, com.salesforce.marketingcloud.storage.CustomerPreferences.KEY_PIWAMA_ET_USER_ID_CACHE, com.salesforce.marketingcloud.storage.CustomerPreferences.KEY_LAST_SUCCESSFUL_REGISTRATION_SENT_LOGGING_ONLY, com.salesforce.marketingcloud.storage.CustomerPreferences.KEY_GCM_SENDER_ID}" />
    </annotation>
  </item>
  <item name="com.salesforce.marketingcloud.storage.CustomerPreferences.KnownPreferenceKeys">
    <annotation name="android.support.annotation.StringDef">
      <val name="value" val="{com.salesforce.marketingcloud.storage.CustomerPreferences.KEY_REGISTRATION_ATTRIBUTES, com.salesforce.marketingcloud.storage.CustomerPreferences.KEY_REGISTRATION_TAGS, com.salesforce.marketingcloud.storage.CustomerPreferences.KEY_REGISTRATION_CONTACT_KEY, com.salesforce.marketingcloud.storage.CustomerPreferences.KEY_REGISTRATION_SYSTEM_TOKEN, com.salesforce.marketingcloud.storage.CustomerPreferences.KEY_PIWAMA_ET_SESSION_ID_CACHE, com.salesforce.marketingcloud.storage.CustomerPreferences.KEY_PIWAMA_ET_USER_ID_CACHE, com.salesforce.marketingcloud.storage.CustomerPreferences.KEY_LAST_SUCCESSFUL_REGISTRATION_SENT_LOGGING_ONLY, com.salesforce.marketingcloud.storage.CustomerPreferences.KEY_GCM_SENDER_ID}" />
    </annotation>
  </item>
  <item name="com.salesforce.marketingcloud.storage.InboxMessageStatusStorage void setStatus(int, java.lang.String...) 0">
    <annotation name="android.support.annotation.IntDef">
      <val name="value" val="{com.salesforce.marketingcloud.storage.InboxMessageStatusStorage.MESSAGE_STATUS_UNREAD, com.salesforce.marketingcloud.storage.InboxMessageStatusStorage.MESSAGE_STATUS_READ, com.salesforce.marketingcloud.storage.InboxMessageStatusStorage.MESSAGE_STATUS_DELETED}" />
    </annotation>
  </item>
  <item name="com.salesforce.marketingcloud.storage.InboxMessageStatusStorage.InboxMessageStatus">
    <annotation name="android.support.annotation.IntDef">
      <val name="value" val="{com.salesforce.marketingcloud.storage.InboxMessageStatusStorage.MESSAGE_STATUS_UNREAD, com.salesforce.marketingcloud.storage.InboxMessageStatusStorage.MESSAGE_STATUS_READ, com.salesforce.marketingcloud.storage.InboxMessageStatusStorage.MESSAGE_STATUS_DELETED}" />
    </annotation>
  </item>
  <item name="com.salesforce.marketingcloud.storage.RegionMessageStorage int deleteAllOfRegionType(int) 0">
    <annotation name="android.support.annotation.IntDef">
      <val name="value" val="{com.salesforce.marketingcloud.messages.Region.REGION_TYPE_FENCE, com.salesforce.marketingcloud.messages.Region.REGION_TYPE_PROXIMITY}" />
    </annotation>
  </item>
  <item name="com.salesforce.marketingcloud.storage.RegionStorage int deleteAllOfType(int) 0">
    <annotation name="android.support.annotation.IntDef">
      <val name="value" val="{com.salesforce.marketingcloud.messages.Region.REGION_TYPE_FENCE, com.salesforce.marketingcloud.messages.Region.REGION_TYPE_PROXIMITY}" />
    </annotation>
  </item>
  <item name="com.salesforce.marketingcloud.storage.RegionStorage java.util.List&lt;com.salesforce.marketingcloud.messages.Region&gt; getRegionsOfType(int, com.salesforce.marketingcloud.util.AesCrypto) 0">
    <annotation name="android.support.annotation.IntDef">
      <val name="value" val="{com.salesforce.marketingcloud.messages.Region.REGION_TYPE_FENCE, com.salesforce.marketingcloud.messages.Region.REGION_TYPE_PROXIMITY}" />
    </annotation>
  </item>
  <item name="com.salesforce.marketingcloud.storage.RegionStorage java.util.List&lt;java.lang.String&gt; getRegionIdsOfType(int) 0">
    <annotation name="android.support.annotation.IntDef">
      <val name="value" val="{com.salesforce.marketingcloud.messages.Region.REGION_TYPE_FENCE, com.salesforce.marketingcloud.messages.Region.REGION_TYPE_PROXIMITY}" />
    </annotation>
  </item>
  <item name="com.salesforce.marketingcloud.storage.RegionStorage java.util.List&lt;java.lang.String&gt; getRegionIdsOfTypeCurrentlyInside(int) 0">
    <annotation name="android.support.annotation.IntDef">
      <val name="value" val="{com.salesforce.marketingcloud.messages.Region.REGION_TYPE_FENCE, com.salesforce.marketingcloud.messages.Region.REGION_TYPE_PROXIMITY}" />
    </annotation>
  </item>
</root>

