<?xml version="1.0" encoding="UTF-8"?>
<root>
  <item name="com.salesforce.marketingcloud.location.GeofenceRegion com.salesforce.marketingcloud.location.GeofenceRegion create(java.lang.String, float, double, double, int) 4">
    <annotation name="android.support.annotation.IntDef">
      <val name="value" val="{com.salesforce.marketingcloud.location.GeofenceRegion.TRANSITION_ENTERED, com.salesforce.marketingcloud.location.GeofenceRegion.TRANSITION_EXITED, com.salesforce.marketingcloud.location.GeofenceRegion.TRANSITION_DWELL}" />
      <val name="flag" val="true" />
    </annotation>
  </item>
  <item name="com.salesforce.marketingcloud.location.GeofenceRegion int transitionTypes()">
    <annotation name="android.support.annotation.IntDef">
      <val name="value" val="{com.salesforce.marketingcloud.location.GeofenceRegion.TRANSITION_ENTERED, com.salesforce.marketingcloud.location.GeofenceRegion.TRANSITION_EXITED, com.salesforce.marketingcloud.location.GeofenceRegion.TRANSITION_DWELL}" />
      <val name="flag" val="true" />
    </annotation>
  </item>
  <item name="com.salesforce.marketingcloud.location.GeofenceRegion.GeofenceTransition">
    <annotation name="android.support.annotation.IntDef">
      <val name="value" val="{com.salesforce.marketingcloud.location.GeofenceRegion.TRANSITION_ENTERED, com.salesforce.marketingcloud.location.GeofenceRegion.TRANSITION_EXITED, com.salesforce.marketingcloud.location.GeofenceRegion.TRANSITION_DWELL}" />
    </annotation>
  </item>
  <item name="com.salesforce.marketingcloud.location.GeofenceRegion.GeofenceTransitionFlag">
    <annotation name="android.support.annotation.IntDef">
      <val name="value" val="{com.salesforce.marketingcloud.location.GeofenceRegion.TRANSITION_ENTERED, com.salesforce.marketingcloud.location.GeofenceRegion.TRANSITION_EXITED, com.salesforce.marketingcloud.location.GeofenceRegion.TRANSITION_DWELL}" />
      <val name="flag" val="true" />
    </annotation>
  </item>
  <item name="com.salesforce.marketingcloud.location.GeofenceRegionEventListener void onRegionEvent(java.lang.String, int) 1">
    <annotation name="android.support.annotation.IntDef">
      <val name="value" val="{com.salesforce.marketingcloud.location.GeofenceRegion.TRANSITION_ENTERED, com.salesforce.marketingcloud.location.GeofenceRegion.TRANSITION_EXITED, com.salesforce.marketingcloud.location.GeofenceRegion.TRANSITION_DWELL}" />
    </annotation>
  </item>
  <item name="com.salesforce.marketingcloud.location.LocationManager android.content.Intent geofenceRegionEvent(int, java.util.List&lt;java.lang.String&gt;) 0">
    <annotation name="android.support.annotation.IntDef">
      <val name="value" val="{com.salesforce.marketingcloud.location.GeofenceRegion.TRANSITION_ENTERED, com.salesforce.marketingcloud.location.GeofenceRegion.TRANSITION_EXITED, com.salesforce.marketingcloud.location.GeofenceRegion.TRANSITION_DWELL}" />
    </annotation>
  </item>
  <item name="com.salesforce.marketingcloud.location.LocationReceiver int toGeoRegionEventTransition(int)">
    <annotation name="android.support.annotation.IntDef">
      <val name="value" val="{com.salesforce.marketingcloud.location.GeofenceRegion.TRANSITION_ENTERED, com.salesforce.marketingcloud.location.GeofenceRegion.TRANSITION_EXITED, com.salesforce.marketingcloud.location.GeofenceRegion.TRANSITION_DWELL}" />
    </annotation>
  </item>
  <item name="com.salesforce.marketingcloud.location.RealLocationManager void onGeofenceRegionEvent(int, java.util.List&lt;java.lang.String&gt;) 0">
    <annotation name="android.support.annotation.IntDef">
      <val name="value" val="{com.salesforce.marketingcloud.location.GeofenceRegion.TRANSITION_ENTERED, com.salesforce.marketingcloud.location.GeofenceRegion.TRANSITION_EXITED, com.salesforce.marketingcloud.location.GeofenceRegion.TRANSITION_DWELL}" />
    </annotation>
  </item>
</root>

