<?xml version="1.0" encoding="UTF-8"?>
<root>
  <item name="com.salesforce.marketingcloud.analytics.AnalyticItem AnalyticItem(java.util.Date, int, int, java.util.List&lt;java.lang.String&gt;, java.lang.String, boolean) 1">
    <annotation name="android.support.annotation.IntDef">
      <val name="value" val="{com.salesforce.marketingcloud.analytics.AnalyticItem.ET_ANALYTICS, com.salesforce.marketingcloud.analytics.AnalyticItem.PIWAMA}" />
    </annotation>
  </item>
  <item name="com.salesforce.marketingcloud.analytics.AnalyticItem AnalyticItem(java.util.Date, int, int, java.util.List&lt;java.lang.String&gt;, java.lang.String, boolean) 2">
    <annotation name="android.support.annotation.IntDef">
      <val name="value" val="{com.salesforce.marketingcloud.analytics.AnalyticItem.ANALYTIC_TYPE_APP_OPENED, com.salesforce.marketingcloud.analytics.AnalyticItem.ANALYTIC_TYPE_NOTIFICATION_DISPLAYED, com.salesforce.marketingcloud.analytics.AnalyticItem.ANALYTIC_TYPE_ET_TIME_IN_APP, com.salesforce.marketingcloud.analytics.AnalyticItem.ANALYTIC_TYPE_APP_OPENED_FROM_PUSH, com.salesforce.marketingcloud.analytics.AnalyticItem.ANALYTIC_TYPE_WAMA_TIME_IN_APP, com.salesforce.marketingcloud.analytics.AnalyticItem.ANALYTIC_TYPE_FENCE_ENTRY, com.salesforce.marketingcloud.analytics.AnalyticItem.ANALYTIC_TYPE_FENCE_EXIT, com.salesforce.marketingcloud.analytics.AnalyticItem.ANALYTIC_TYPE_PUSH_RECEIVED, com.salesforce.marketingcloud.analytics.AnalyticItem.ANALYTIC_TYPE_TIME_IN_LOCATION, com.salesforce.marketingcloud.analytics.AnalyticItem.ANALYTIC_TYPE_BEACON_IN_RANGE, com.salesforce.marketingcloud.analytics.AnalyticItem.ANALYTIC_TYPE_TIME_WITH_BEACON_IN_RANGE, com.salesforce.marketingcloud.analytics.AnalyticItem.ANALYTIC_TYPE_TRACK_CONVERSION, com.salesforce.marketingcloud.analytics.AnalyticItem.ANALYTIC_TYPE_TRACK_CART, com.salesforce.marketingcloud.analytics.AnalyticItem.ANALYTIC_TYPE_TRACK_VIEW, com.salesforce.marketingcloud.analytics.AnalyticItem.ANALYTIC_TYPE_INBOX_MESSAGE_DOWNLOADED, com.salesforce.marketingcloud.analytics.AnalyticItem.ANALYTIC_TYPE_INBOX_MESSAGE_OPENED, com.salesforce.marketingcloud.analytics.AnalyticItem.ANALYTIC_TYPE_INBOX_MESSAGE_UPDATED}" />
    </annotation>
  </item>
  <item name="com.salesforce.marketingcloud.analytics.AnalyticItem com.salesforce.marketingcloud.analytics.AnalyticItem create(java.util.Date, int, int) 1">
    <annotation name="android.support.annotation.IntDef">
      <val name="value" val="{com.salesforce.marketingcloud.analytics.AnalyticItem.ET_ANALYTICS, com.salesforce.marketingcloud.analytics.AnalyticItem.PIWAMA}" />
    </annotation>
  </item>
  <item name="com.salesforce.marketingcloud.analytics.AnalyticItem com.salesforce.marketingcloud.analytics.AnalyticItem create(java.util.Date, int, int) 2">
    <annotation name="android.support.annotation.IntDef">
      <val name="value" val="{com.salesforce.marketingcloud.analytics.AnalyticItem.ANALYTIC_TYPE_APP_OPENED, com.salesforce.marketingcloud.analytics.AnalyticItem.ANALYTIC_TYPE_NOTIFICATION_DISPLAYED, com.salesforce.marketingcloud.analytics.AnalyticItem.ANALYTIC_TYPE_ET_TIME_IN_APP, com.salesforce.marketingcloud.analytics.AnalyticItem.ANALYTIC_TYPE_APP_OPENED_FROM_PUSH, com.salesforce.marketingcloud.analytics.AnalyticItem.ANALYTIC_TYPE_WAMA_TIME_IN_APP, com.salesforce.marketingcloud.analytics.AnalyticItem.ANALYTIC_TYPE_FENCE_ENTRY, com.salesforce.marketingcloud.analytics.AnalyticItem.ANALYTIC_TYPE_FENCE_EXIT, com.salesforce.marketingcloud.analytics.AnalyticItem.ANALYTIC_TYPE_PUSH_RECEIVED, com.salesforce.marketingcloud.analytics.AnalyticItem.ANALYTIC_TYPE_TIME_IN_LOCATION, com.salesforce.marketingcloud.analytics.AnalyticItem.ANALYTIC_TYPE_BEACON_IN_RANGE, com.salesforce.marketingcloud.analytics.AnalyticItem.ANALYTIC_TYPE_TIME_WITH_BEACON_IN_RANGE, com.salesforce.marketingcloud.analytics.AnalyticItem.ANALYTIC_TYPE_TRACK_CONVERSION, com.salesforce.marketingcloud.analytics.AnalyticItem.ANALYTIC_TYPE_TRACK_CART, com.salesforce.marketingcloud.analytics.AnalyticItem.ANALYTIC_TYPE_TRACK_VIEW, com.salesforce.marketingcloud.analytics.AnalyticItem.ANALYTIC_TYPE_INBOX_MESSAGE_DOWNLOADED, com.salesforce.marketingcloud.analytics.AnalyticItem.ANALYTIC_TYPE_INBOX_MESSAGE_OPENED, com.salesforce.marketingcloud.analytics.AnalyticItem.ANALYTIC_TYPE_INBOX_MESSAGE_UPDATED}" />
    </annotation>
  </item>
  <item name="com.salesforce.marketingcloud.analytics.AnalyticItem com.salesforce.marketingcloud.analytics.AnalyticItem create(java.util.Date, int, int, java.util.List&lt;java.lang.String&gt;, boolean) 1">
    <annotation name="android.support.annotation.IntDef">
      <val name="value" val="{com.salesforce.marketingcloud.analytics.AnalyticItem.ET_ANALYTICS, com.salesforce.marketingcloud.analytics.AnalyticItem.PIWAMA}" />
    </annotation>
  </item>
  <item name="com.salesforce.marketingcloud.analytics.AnalyticItem com.salesforce.marketingcloud.analytics.AnalyticItem create(java.util.Date, int, int, java.util.List&lt;java.lang.String&gt;, boolean) 2">
    <annotation name="android.support.annotation.IntDef">
      <val name="value" val="{com.salesforce.marketingcloud.analytics.AnalyticItem.ANALYTIC_TYPE_APP_OPENED, com.salesforce.marketingcloud.analytics.AnalyticItem.ANALYTIC_TYPE_NOTIFICATION_DISPLAYED, com.salesforce.marketingcloud.analytics.AnalyticItem.ANALYTIC_TYPE_ET_TIME_IN_APP, com.salesforce.marketingcloud.analytics.AnalyticItem.ANALYTIC_TYPE_APP_OPENED_FROM_PUSH, com.salesforce.marketingcloud.analytics.AnalyticItem.ANALYTIC_TYPE_WAMA_TIME_IN_APP, com.salesforce.marketingcloud.analytics.AnalyticItem.ANALYTIC_TYPE_FENCE_ENTRY, com.salesforce.marketingcloud.analytics.AnalyticItem.ANALYTIC_TYPE_FENCE_EXIT, com.salesforce.marketingcloud.analytics.AnalyticItem.ANALYTIC_TYPE_PUSH_RECEIVED, com.salesforce.marketingcloud.analytics.AnalyticItem.ANALYTIC_TYPE_TIME_IN_LOCATION, com.salesforce.marketingcloud.analytics.AnalyticItem.ANALYTIC_TYPE_BEACON_IN_RANGE, com.salesforce.marketingcloud.analytics.AnalyticItem.ANALYTIC_TYPE_TIME_WITH_BEACON_IN_RANGE, com.salesforce.marketingcloud.analytics.AnalyticItem.ANALYTIC_TYPE_TRACK_CONVERSION, com.salesforce.marketingcloud.analytics.AnalyticItem.ANALYTIC_TYPE_TRACK_CART, com.salesforce.marketingcloud.analytics.AnalyticItem.ANALYTIC_TYPE_TRACK_VIEW, com.salesforce.marketingcloud.analytics.AnalyticItem.ANALYTIC_TYPE_INBOX_MESSAGE_DOWNLOADED, com.salesforce.marketingcloud.analytics.AnalyticItem.ANALYTIC_TYPE_INBOX_MESSAGE_OPENED, com.salesforce.marketingcloud.analytics.AnalyticItem.ANALYTIC_TYPE_INBOX_MESSAGE_UPDATED}" />
    </annotation>
  </item>
  <item name="com.salesforce.marketingcloud.analytics.AnalyticItem com.salesforce.marketingcloud.analytics.AnalyticItem create(java.util.Date, int, int, java.util.List&lt;java.lang.String&gt;, java.lang.String, boolean) 1">
    <annotation name="android.support.annotation.IntDef">
      <val name="value" val="{com.salesforce.marketingcloud.analytics.AnalyticItem.ET_ANALYTICS, com.salesforce.marketingcloud.analytics.AnalyticItem.PIWAMA}" />
    </annotation>
  </item>
  <item name="com.salesforce.marketingcloud.analytics.AnalyticItem com.salesforce.marketingcloud.analytics.AnalyticItem create(java.util.Date, int, int, java.util.List&lt;java.lang.String&gt;, java.lang.String, boolean) 2">
    <annotation name="android.support.annotation.IntDef">
      <val name="value" val="{com.salesforce.marketingcloud.analytics.AnalyticItem.ANALYTIC_TYPE_APP_OPENED, com.salesforce.marketingcloud.analytics.AnalyticItem.ANALYTIC_TYPE_NOTIFICATION_DISPLAYED, com.salesforce.marketingcloud.analytics.AnalyticItem.ANALYTIC_TYPE_ET_TIME_IN_APP, com.salesforce.marketingcloud.analytics.AnalyticItem.ANALYTIC_TYPE_APP_OPENED_FROM_PUSH, com.salesforce.marketingcloud.analytics.AnalyticItem.ANALYTIC_TYPE_WAMA_TIME_IN_APP, com.salesforce.marketingcloud.analytics.AnalyticItem.ANALYTIC_TYPE_FENCE_ENTRY, com.salesforce.marketingcloud.analytics.AnalyticItem.ANALYTIC_TYPE_FENCE_EXIT, com.salesforce.marketingcloud.analytics.AnalyticItem.ANALYTIC_TYPE_PUSH_RECEIVED, com.salesforce.marketingcloud.analytics.AnalyticItem.ANALYTIC_TYPE_TIME_IN_LOCATION, com.salesforce.marketingcloud.analytics.AnalyticItem.ANALYTIC_TYPE_BEACON_IN_RANGE, com.salesforce.marketingcloud.analytics.AnalyticItem.ANALYTIC_TYPE_TIME_WITH_BEACON_IN_RANGE, com.salesforce.marketingcloud.analytics.AnalyticItem.ANALYTIC_TYPE_TRACK_CONVERSION, com.salesforce.marketingcloud.analytics.AnalyticItem.ANALYTIC_TYPE_TRACK_CART, com.salesforce.marketingcloud.analytics.AnalyticItem.ANALYTIC_TYPE_TRACK_VIEW, com.salesforce.marketingcloud.analytics.AnalyticItem.ANALYTIC_TYPE_INBOX_MESSAGE_DOWNLOADED, com.salesforce.marketingcloud.analytics.AnalyticItem.ANALYTIC_TYPE_INBOX_MESSAGE_OPENED, com.salesforce.marketingcloud.analytics.AnalyticItem.ANALYTIC_TYPE_INBOX_MESSAGE_UPDATED}" />
    </annotation>
  </item>
  <item name="com.salesforce.marketingcloud.analytics.AnalyticItem int productType()">
    <annotation name="android.support.annotation.IntDef">
      <val name="value" val="{com.salesforce.marketingcloud.analytics.AnalyticItem.ET_ANALYTICS, com.salesforce.marketingcloud.analytics.AnalyticItem.PIWAMA}" />
    </annotation>
  </item>
  <item name="com.salesforce.marketingcloud.analytics.AnalyticItem productType">
    <annotation name="android.support.annotation.IntDef">
      <val name="value" val="{com.salesforce.marketingcloud.analytics.AnalyticItem.ET_ANALYTICS, com.salesforce.marketingcloud.analytics.AnalyticItem.PIWAMA}" />
    </annotation>
  </item>
  <item name="com.salesforce.marketingcloud.analytics.AnalyticItem.AnalyticProductType">
    <annotation name="android.support.annotation.IntDef">
      <val name="value" val="{com.salesforce.marketingcloud.analytics.AnalyticItem.ET_ANALYTICS, com.salesforce.marketingcloud.analytics.AnalyticItem.PIWAMA}" />
    </annotation>
  </item>
  <item name="com.salesforce.marketingcloud.analytics.AnalyticItem.AnalyticType">
    <annotation name="android.support.annotation.IntDef">
      <val name="value" val="{com.salesforce.marketingcloud.analytics.AnalyticItem.ANALYTIC_TYPE_APP_OPENED, com.salesforce.marketingcloud.analytics.AnalyticItem.ANALYTIC_TYPE_NOTIFICATION_DISPLAYED, com.salesforce.marketingcloud.analytics.AnalyticItem.ANALYTIC_TYPE_ET_TIME_IN_APP, com.salesforce.marketingcloud.analytics.AnalyticItem.ANALYTIC_TYPE_APP_OPENED_FROM_PUSH, com.salesforce.marketingcloud.analytics.AnalyticItem.ANALYTIC_TYPE_WAMA_TIME_IN_APP, com.salesforce.marketingcloud.analytics.AnalyticItem.ANALYTIC_TYPE_FENCE_ENTRY, com.salesforce.marketingcloud.analytics.AnalyticItem.ANALYTIC_TYPE_FENCE_EXIT, com.salesforce.marketingcloud.analytics.AnalyticItem.ANALYTIC_TYPE_PUSH_RECEIVED, com.salesforce.marketingcloud.analytics.AnalyticItem.ANALYTIC_TYPE_TIME_IN_LOCATION, com.salesforce.marketingcloud.analytics.AnalyticItem.ANALYTIC_TYPE_BEACON_IN_RANGE, com.salesforce.marketingcloud.analytics.AnalyticItem.ANALYTIC_TYPE_TIME_WITH_BEACON_IN_RANGE, com.salesforce.marketingcloud.analytics.AnalyticItem.ANALYTIC_TYPE_TRACK_CONVERSION, com.salesforce.marketingcloud.analytics.AnalyticItem.ANALYTIC_TYPE_TRACK_CART, com.salesforce.marketingcloud.analytics.AnalyticItem.ANALYTIC_TYPE_TRACK_VIEW, com.salesforce.marketingcloud.analytics.AnalyticItem.ANALYTIC_TYPE_INBOX_MESSAGE_DOWNLOADED, com.salesforce.marketingcloud.analytics.AnalyticItem.ANALYTIC_TYPE_INBOX_MESSAGE_OPENED, com.salesforce.marketingcloud.analytics.AnalyticItem.ANALYTIC_TYPE_INBOX_MESSAGE_UPDATED}" />
    </annotation>
  </item>
</root>

