<?xml version="1.0" encoding="UTF-8"?>
<root>
  <item name="com.salesforce.marketingcloud.storage.db.AnalyticItemDbStorage boolean hasTimeInAppAnalyticItem(int) 0">
    <annotation name="android.support.annotation.IntDef">
      <val name="value" val="{com.salesforce.marketingcloud.analytics.AnalyticItem.ET_ANALYTICS, com.salesforce.marketingcloud.analytics.AnalyticItem.PIWAMA}" />
    </annotation>
  </item>
  <item name="com.salesforce.marketingcloud.storage.db.AnalyticItemDbStorage int getAnalyticItemCount(int) 0">
    <annotation name="android.support.annotation.IntDef">
      <val name="value" val="{com.salesforce.marketingcloud.analytics.AnalyticItem.ET_ANALYTICS, com.salesforce.marketingcloud.analytics.AnalyticItem.PIWAMA}" />
    </annotation>
  </item>
  <item name="com.salesforce.marketingcloud.storage.db.AnalyticItemDbStorage java.util.List&lt;com.salesforce.marketingcloud.analytics.AnalyticItem&gt; getTimeInAppItemsNotReadyToSend(int, com.salesforce.marketingcloud.util.AesCrypto) 0">
    <annotation name="android.support.annotation.IntDef">
      <val name="value" val="{com.salesforce.marketingcloud.analytics.AnalyticItem.ET_ANALYTICS, com.salesforce.marketingcloud.analytics.AnalyticItem.PIWAMA}" />
    </annotation>
  </item>
  <item name="com.salesforce.marketingcloud.storage.db.AnalyticItemDbStorage void trimAnalyticItems(int, int, int) 2">
    <annotation name="android.support.annotation.IntDef">
      <val name="value" val="{com.salesforce.marketingcloud.analytics.AnalyticItem.ET_ANALYTICS, com.salesforce.marketingcloud.analytics.AnalyticItem.PIWAMA}" />
    </annotation>
  </item>
  <item name="com.salesforce.marketingcloud.storage.db.InboxMessageStatusDbStorage void setStatus(int, java.lang.String...) 0">
    <annotation name="android.support.annotation.IntDef">
      <val name="value" val="{com.salesforce.marketingcloud.storage.InboxMessageStatusStorage.MESSAGE_STATUS_UNREAD, com.salesforce.marketingcloud.storage.InboxMessageStatusStorage.MESSAGE_STATUS_READ, com.salesforce.marketingcloud.storage.InboxMessageStatusStorage.MESSAGE_STATUS_DELETED}" />
    </annotation>
  </item>
  <item name="com.salesforce.marketingcloud.storage.db.RegionDbStorage int deleteAllOfType(int) 0">
    <annotation name="android.support.annotation.IntDef">
      <val name="value" val="{com.salesforce.marketingcloud.messages.Region.REGION_TYPE_FENCE, com.salesforce.marketingcloud.messages.Region.REGION_TYPE_PROXIMITY}" />
    </annotation>
  </item>
  <item name="com.salesforce.marketingcloud.storage.db.RegionDbStorage java.util.List&lt;com.salesforce.marketingcloud.messages.Region&gt; getRegionsOfType(int, com.salesforce.marketingcloud.util.AesCrypto) 0">
    <annotation name="android.support.annotation.IntDef">
      <val name="value" val="{com.salesforce.marketingcloud.messages.Region.REGION_TYPE_FENCE, com.salesforce.marketingcloud.messages.Region.REGION_TYPE_PROXIMITY}" />
    </annotation>
  </item>
  <item name="com.salesforce.marketingcloud.storage.db.RegionDbStorage java.util.List&lt;java.lang.String&gt; getRegionIdsOfType(int) 0">
    <annotation name="android.support.annotation.IntDef">
      <val name="value" val="{com.salesforce.marketingcloud.messages.Region.REGION_TYPE_FENCE, com.salesforce.marketingcloud.messages.Region.REGION_TYPE_PROXIMITY}" />
    </annotation>
  </item>
</root>

