<?xml version="1.0" encoding="UTF-8"?>
<root>
  <item name="com.salesforce.marketingcloud.http.MCRestHandler java.lang.String getMethod()">
    <annotation name="android.support.annotation.StringDef">
      <val name="value" val="{com.salesforce.marketingcloud.http.Request.GET, com.salesforce.marketingcloud.http.Request.POST, com.salesforce.marketingcloud.http.Request.PATCH}" />
    </annotation>
  </item>
  <item name="com.salesforce.marketingcloud.http.Request java.lang.String method()">
    <annotation name="android.support.annotation.StringDef">
      <val name="value" val="{com.salesforce.marketingcloud.http.Request.GET, com.salesforce.marketingcloud.http.Request.POST, com.salesforce.marketingcloud.http.Request.PATCH}" />
    </annotation>
  </item>
  <item name="com.salesforce.marketingcloud.http.Request.Builder com.salesforce.marketingcloud.http.Request.Builder method(java.lang.String) 0">
    <annotation name="android.support.annotation.StringDef">
      <val name="value" val="{com.salesforce.marketingcloud.http.Request.GET, com.salesforce.marketingcloud.http.Request.POST, com.salesforce.marketingcloud.http.Request.PATCH}" />
    </annotation>
  </item>
  <item name="com.salesforce.marketingcloud.http.Request.Method">
    <annotation name="android.support.annotation.StringDef">
      <val name="value" val="{com.salesforce.marketingcloud.http.Request.GET, com.salesforce.marketingcloud.http.Request.POST, com.salesforce.marketingcloud.http.Request.PATCH}" />
    </annotation>
  </item>
</root>

